index_code,date,open,close,low,high,volume,label
,2019/4/19,59.5,65,58.68,65.4,1044285.12,59.38
,2019/4/18,58.46,59.5,58.16,60.1,960455.19,57.29
,2019/4/17,58.24,57.46,57,58.34,711349.38,56.43
,2019/4/16,56.3,58.24,55.73,58.28,905344.94,56.362
,2019/4/15,55.76,56.7,55.21,58.55,1385286.12,55.1
,2019/4/12,54.81,54.55,52.9,56,1092515.12,53.202
,2019/4/11,57.33,55.2,54.7,58.39,1743277.5,51.418
,2019/4/10,57.12,57.12,54.56,57.12,3228750.5,49.498
,2019/4/9,51.93,51.93,51.93,51.93,108436.42,47.034
,2019/3/29,45.66,47.21,45.66,47.3,795880.25,45.646
,2019/3/28,45.37,45.63,45.04,45.98,346265.44,45.436
,2019/3/27,45.08,45.6,44.85,45.78,430795.59,45.564
,2019/3/26,45.28,44.8,44.26,45.43,490953.53,45.766
,2019/3/25,45.47,44.99,44.88,45.67,570378.06,46.248
,2019/3/22,46.4,46.16,45.8,46.74,426192.03,46.83
,2019/3/21,46.4,46.27,45.98,46.57,466909.38,46.982
,2019/3/20,47.01,46.61,46.11,47.1,460492.41,46.82
,2019/3/19,47.93,47.21,46.91,48.43,507038.47,46.488
,2019/3/18,46.9,47.9,46.54,48.11,653507.31,46.006
,2019/3/15,45.5,46.92,45.5,47.68,839753.19,45.5
,2019/3/14,44.9,45.46,44.83,46,513688.56,45.018
,2019/3/13,44.88,44.95,44.8,45.25,399022.62,45.074
,2019/3/12,45.73,44.8,44.6,45.75,701913.44,45.504
,2019/3/11,44.51,45.37,44.51,45.46,427441.03,45.96
,2019/3/8,44.76,44.51,44.43,45.39,632230.56,46.216
,2019/3/7,47.1,45.74,45.5,47.11,636125.12,46.46
,2019/3/6,47.3,47.1,46.71,47.8,476323.59,46.272
,2019/3/5,47.05,47.08,46.7,47.47,537114.75,45.762
,2019/3/4,46.27,46.65,46,47.74,880295.12,45.332
,2019/3/1,45.16,45.73,45.03,45.86,645030,45.218
,2019/2/28,44.5,44.8,44.44,45.13,346380.53,45.064
,2019/2/27,45.3,44.55,44.2,45.36,469666.47,45.072
,2019/2/26,46.02,44.93,44.81,46.02,675270,45.16
,2019/2/25,45.11,46.08,44.4,46.1,930082.56,45.098
,2019/2/22,44.79,44.96,43.99,45,451132,44.7
,2019/2/21,45.1,44.84,44.62,45.5,449655.16,44.258
,2019/2/20,44.99,44.99,44.25,45.08,334641.12,44.16
,2019/2/19,44.5,44.62,44.25,45.5,532350.06,43.864
,2019/2/18,43.29,44.09,43.21,44.28,480260.16,43.584
,2019/2/15,44.24,42.75,42.66,44.25,643817.19,43.38
,2019/2/14,43.46,44.35,43.21,44.5,435461.56,43.222
,2019/2/13,43.37,43.51,42.83,43.65,418025.03,42.702
,2019/2/12,43.07,43.22,42.82,43.45,366983.53,42.14
,2019/2/11,41.87,43.07,41.79,43.28,399173.47,41.716
,2019/2/1,42.35,41.96,41.65,42.35,408947.28,41.16
,2019/1/31,41.08,41.75,40.88,41.75,473745.88,40.748
,2019/1/30,40.83,40.7,40.44,41.05,332306.53,40.274
,2019/1/29,40.25,41.1,40.12,41.17,522980.75,39.972
,2019/1/28,40.1,40.29,40.05,41.29,518476.62,39.534
,2019/1/25,39.56,39.9,39.23,40.1,482838.84,39.372
,2019/1/24,39.46,39.38,39,39.5,297290.31,39.186
,2019/1/23,38.72,39.19,38.48,39.46,348265.25,39.042
,2019/1/22,39.47,38.91,38.67,39.47,319458.81,39.066
,2019/1/21,39.03,39.48,38.85,40.15,589809,39.04
,2019/1/18,38.68,38.97,38.43,39.15,569376.44,38.68
,2019/1/17,38.1,38.66,37.84,38.88,927453.25,38.432
,2019/1/16,38.8,39.31,38.65,39.5,501928.75,38.252
,2019/1/15,37.84,38.78,37.71,38.88,612712.94,37.892
,2019/1/14,37.77,37.68,37.54,37.97,211773.48,37.404
,2019/1/11,37.96,37.73,37.39,37.96,330925.88,37.164
,2019/1/10,37.38,37.76,37.29,37.93,477566.16,36.948
,2019/1/9,37.2,37.51,37.07,38.06,1058060.75,36.58
,2019/1/8,36.41,36.34,36.03,36.42,193021.64,36.238
,2019/1/7,36.88,36.48,36.25,36.96,392690.75,36.108
,2019/1/4,35.72,36.65,35.56,36.7,489612.12,35.948
,2019/1/3,35.8,35.92,35.75,36.19,258798.02,35.794
,2019/1/2,36.45,35.8,35.7,36.45,424789.84,35.786
,2018/12/28,35.81,35.69,35.56,36.03,259144.34,35.862
,2018/12/27,36.45,35.68,35.66,36.58,327593.84,35.938
,2018/12/26,35.85,35.88,35.7,36.28,214888.56,36.062
,2018/12/25,35.77,35.88,35.35,36.04,359604.81,36.172
,2018/12/24,35.9,36.18,35.69,36.18,236837.31,36.356
,2018/12/21,36.31,36.07,35.7,36.37,358085.28,36.532
,2018/12/20,36.38,36.3,36.06,36.58,312103.81,36.784
,2018/12/19,36.95,36.43,36.38,36.98,276304.12,37.084
,2018/12/18,36.74,36.8,36.51,37.24,338065.03,37.066
,2018/12/17,37.33,37.06,36.7,37.52,363710.75,36.938
,2018/12/14,37.6,37.33,37.23,37.95,465763.03,36.692
,2018/12/13,36.6,37.8,36.52,38.14,1023430.31,36.522
,2018/12/12,36.49,36.34,36.1,36.51,224641.16,36.262
,2018/12/11,35.98,36.16,35.85,36.26,233796.44,36.462
,2018/12/10,36.12,35.83,35.65,36.38,415312.41,36.8
,2018/12/7,36.67,36.48,36.4,36.76,244971.3,37.224
,2018/12/6,36.95,36.5,36.41,36.97,637737.81,37.298
,2018/12/5,37.4,37.34,37.26,37.67,386991.91,37.412
,2018/12/4,37.7,37.85,37.54,37.98,363610.09,37.464
,2018/12/3,37.92,37.95,37.15,38.18,866380.81,37.274
,2018/11/30,37.15,36.85,36.67,37.21,386477.56,37.13
,2018/11/29,37.95,37.07,37.01,37.98,257419.59,37.252
,2018/11/28,36.96,37.6,36.95,37.6,270695.53,37.43
,2018/11/27,37.4,36.9,36.8,37.48,271467.88,37.504
,2018/11/26,37.46,37.23,37.01,37.88,220900.94,37.722
,2018/11/23,37.9,37.46,37.4,38.12,218443.94,38.048
,2018/11/22,38.1,37.96,37.65,38.16,187144,38.274
,2018/11/21,37.57,37.97,37.5,38.12,221121.02,38.388
,2018/11/20,38.64,37.99,37.85,38.64,412310.28,38.554
,2018/11/19,38.59,38.86,38.14,38.93,381326.25,38.838
,2018/11/16,38.56,38.59,38.12,38.99,418655.38,38.908
,2018/11/15,38.63,38.53,37.82,38.7,455496.16,38.918
,2018/11/14,39,38.8,38.75,39.18,324383.97,39.05
,2018/11/13,38.59,39.41,38.51,39.69,353989.72,39.126
,2018/11/12,38.64,39.21,38.33,39.25,294779.12,39.126
,2018/11/9,38.93,38.64,38.5,39.14,261058.42,39.28
,2018/11/8,39.61,39.19,39.08,39.75,268303.47,39.584
,2018/11/7,39.6,39.18,39.11,39.91,313511.59,39.486
,2018/11/6,40,39.41,39,40,332948.62,39.262
,2018/11/5,39.86,39.98,39.55,40.3,467469.19,38.78
,2018/11/2,39.97,40.16,39.6,40.52,814420,38.06
,2018/11/1,38.55,38.7,38.51,39.44,613592.56,37.788
,2018/10/31,37.5,38.06,37.31,38.18,507252.62,37.868
,2018/10/30,36.24,37,36,37.43,507635.53,38.146
,2018/10/29,38.42,36.38,36.12,38.42,933062.5,38.594
,2018/10/26,39.5,38.8,38.55,39.63,380698.84,39.34
,2018/10/25,38.4,39.1,38.2,39.47,420779.62,39.306
,2018/10/24,39.2,39.45,39.05,40.18,443675.19,38.926
,2018/10/23,39.88,39.24,38.81,40.59,696950.38,38.726
,2018/10/22,39.25,40.11,39.12,40.76,850762.62,38.5
,2018/10/19,36.87,38.63,36.86,38.68,569060.94,38.108
,2018/10/18,37.97,37.2,37.1,38.16,433307.47,38.122
,2018/10/17,38.8,38.45,37.55,38.89,413250.38,38.092
,2018/10/16,38.1,38.11,37.75,38.88,390896.72,38.064
,2018/10/15,38.69,38.15,37.9,38.94,475665.09,38.208
,2018/10/12,37.4,38.7,37.03,38.7,613743.44,38.164
,2018/10/11,37.2,37.05,36.8,37.87,712188.31,38.464
,2018/10/10,39.09,38.31,38.17,39.35,426948.53,38.958
,2018/10/9,38.65,38.83,38.5,39.17,459968.19,39.162
,2018/10/8,38.75,37.93,37.91,39.13,715413.94,39.206
,2018/9/28,39.63,40.2,39.63,40.43,504722.47,39.594
,2018/9/27,39.03,39.52,38.75,39.81,504955.84,39.236
,2018/9/26,39.3,39.33,38.91,39.99,596558.5,39.006
,2018/9/25,39.25,39.05,38.71,39.49,516201.44,38.548
,2018/9/21,38.7,39.87,38.5,40.12,820994.31,38.098
,2018/9/20,38.25,38.41,38.18,39.18,564760.88,37.54
,2018/9/19,36.8,38.37,36.7,38.88,956256.5,37.148
,2018/9/18,36.6,37.04,35.8,37.05,567513.75,36.628
,2018/9/17,36.7,36.8,36.52,37.24,291366.81,36.466
,2018/9/14,36.45,37.08,36.23,37.37,471008.31,36.306
,2018/9/13,36.22,36.45,35.8,36.49,433965.28,36.198
,2018/9/12,36.24,35.77,35.6,36.26,391317.41,36.21
,2018/9/11,36.03,36.23,36.02,36.53,363713.75,36.578
,2018/9/10,36.3,36,35.77,36.43,393190.75,37.104
,2018/9/7,36.7,36.54,36.01,37.19,537088.12,37.596
,2018/9/6,37.58,36.51,36.37,37.78,784459.94,38.078
,2018/9/5,38.56,37.61,37.58,38.64,613757.44,38.896
,2018/9/4,38.65,38.86,38.11,39.09,422312.47,39.556
,2018/9/3,38.77,38.46,38.11,38.77,522780.12,39.91
,2018/8/31,39,38.95,38.51,39.5,1024672.5,40.286
,2018/8/30,40.99,40.6,39.9,41.39,482789.03,40.284
,2018/8/29,40.55,40.91,40.38,41.12,361083.47,40
,2018/8/28,40.46,40.63,40.34,41.08,399625.69,39.674
,2018/8/27,39.1,40.34,39.1,40.63,545219.5,39.504
,2018/8/24,38.98,38.94,38.68,39.28,290732.78,39.106
,2018/8/23,39.3,39.18,38.56,39.57,395321.38,38.918
,2018/8/22,39.71,39.28,39.1,39.71,278048.12,38.82
,2018/8/21,38.55,39.78,38.3,39.88,576939.75,38.752
,2018/8/20,37.9,38.35,37.36,38.35,369360.72,38.796
,2018/8/17,39.19,38,37.9,39.34,341133.12,39.196
,2018/8/16,38.4,38.69,37.8,39.42,348713.91,39.736
,2018/8/15,40,38.94,38.88,40,399001.84,40.07
,2018/8/14,40.45,40,39.7,40.49,252170.59,40.12
,2018/8/13,40.1,40.35,39.76,40.39,319104.44,40.204
,2018/8/10,40.83,40.7,40.43,41.16,390761.44,39.9
,2018/8/9,39.01,40.36,38.92,40.86,596352.38,39.662
,2018/8/8,40.42,39.19,39.11,40.5,478166.47,39.814
,2018/8/7,39.2,40.42,38.84,40.45,662698.06,40.586
,2018/8/6,39.65,38.83,38.62,39.9,592171.12,41.336
,2018/8/3,40.98,39.51,39.13,41.29,822634.25,42.414
,2018/8/2,43,41.12,40.56,43,793503.94,43.336
,2018/8/1,44.45,43.05,42.98,44.51,501465.97,44.014
,2018/7/31,44.02,44.17,43.9,44.51,210098.36,44.396
,2018/7/30,44,44.22,43.7,44.34,315687.84,44.718
,2018/7/27,44.51,44.12,43.81,44.55,319113.12,44.774
,2018/7/26,45,44.51,44.39,45.28,338832.19,44.962
,2018/7/25,45.89,44.96,44.86,45.98,504592.47,45.106
,2018/7/24,44.98,45.78,44.58,45.97,675540.88,45.084
,2018/7/23,44.6,44.5,43.8,44.6,554660.56,45.076
,2018/7/20,44.9,45.06,43.76,45.26,627971.81,45.466
,2018/7/19,44.98,45.23,44.55,45.53,292476.75,45.746
,2018/7/18,45.8,44.85,44.5,46.37,488234.56,45.92
,2018/7/17,46.26,45.74,45.4,46.28,301067.62,46.008
,2018/7/16,46.71,46.45,46.06,47.2,304503.72,46.036
,2018/7/13,46.27,46.46,46.1,46.75,368463.75,45.95
,2018/7/12,45.15,46.1,45.15,46.72,441354.25,45.498
,2018/7/11,44.8,45.29,44.4,45.64,312298.09,44.96
,2018/7/10,46.02,45.88,45.33,46.18,387568.25,44.538
,2018/7/9,44.78,46.02,44.41,46.15,608381.94,44.282
,2018/7/6,43.79,44.2,43.31,44.68,487745,44.148
,2018/7/5,43.8,43.41,43.34,44.53,520833.03,44.738
,2018/7/4,44.63,43.18,42.9,44.87,551887.06,45.092
,2018/7/3,45.37,44.6,43.11,45.71,807296.5,45.55
,2018/7/2,47,45.35,44.98,47,628945.38,46.09
,2018/6/29,45.6,47.15,45.2,47.2,485876.56,46.572
,2018/6/28,44.9,45.18,44.71,45.92,514443.88,46.754
,2018/6/27,47.36,45.47,45.18,47.7,727079.06,47.29
,2018/6/26,47.1,47.3,46.62,47.76,483896.16,47.772
,2018/6/25,48.25,47.76,47.55,48.99,512314.91,47.778
,2018/6/22,47.5,48.06,46.86,48.11,457005.88,48.028
,2018/6/21,47.89,47.86,47.66,48.84,489259.59,48.204
,2018/6/20,47.22,47.88,46.88,48.19,504058.09,48.608
,2018/6/19,48.02,47.33,46.73,48.5,924874,49.112
,2018/6/15,49.02,49.01,48.6,49.55,449822.09,49.432
,2018/6/14,49.93,48.94,48.65,50.23,607917.19,49.26
,2018/6/13,50.2,49.88,49.75,50.76,565320,49.068
,2018/6/12,49.16,50.4,48.95,50.58,1010233.81,48.774
,2018/6/11,48.7,48.93,48.23,49.48,880368.81,48.404
,2018/6/8,47.95,48.15,47.75,48.73,734040.88,48.18
,2018/6/7,48.75,47.98,47.92,48.86,564428.88,47.866
,2018/6/6,48.55,48.41,48.15,48.8,545544.62,47.77
,2018/6/5,48,48.55,47.93,48.84,1033095.19,47.154
,2018/6/4,47,47.81,46.99,48.31,1024946.75,46.658
,2018/6/1,47.3,46.58,46.26,47.3,495741.19,46.422
,2018/5/31,45.85,47.5,45.54,47.84,1043906.81,46.254
,2018/5/30,45.48,45.33,44.6,45.86,443974,45.876
,2018/5/29,46.69,46.07,45.97,46.79,391081.44,46.054
,2018/5/28,45.81,46.63,45.57,46.82,501538.41,46.2
,2018/5/25,45.61,45.74,45.5,46.09,336852.03,46.462
,2018/5/24,46.22,45.61,45.54,46.4,451000.44,46.968
,2018/5/23,46.72,46.22,46.1,46.72,399705.59,47.396
,2018/5/22,47.78,46.8,46.33,47.78,839495.12,47.728
,2018/5/21,48.4,47.94,47.73,48.5,574057.75,48.038
,2018/5/18,47.65,48.27,47.23,48.35,487185.38,48.166
,2018/5/17,48.23,47.75,47.7,48.43,436532,48.012
,2018/5/16,48.06,47.88,47.8,48.27,409712.81,48.104
,2018/5/15,48.75,48.35,48.03,48.75,476442.38,48.168
,2018/5/14,47.98,48.58,47.83,48.69,684311.62,48.098
,2018/5/11,48.4,47.5,47.2,48.49,547551.06,47.726
,2018/5/10,48.34,48.21,47.71,48.62,560935.12,47.402
,2018/5/9,48.12,48.2,47.58,48.25,623495.25,46.918
,2018/5/8,46.77,48,46.76,48.2,985756.25,46.318
,2018/5/7,46.19,46.72,45.36,46.85,942241.75,45.534
,2018/5/4,45.79,45.88,45.7,46.87,865753.06,45.306
,2018/5/3,45.16,45.79,44.58,45.89,930896.19,46.144
,2018/5/2,44.23,45.2,44.22,45.51,974178.31,47.024
,2018/4/27,46.3,44.08,44.08,46.4,2293287.25,47.928
,2018/4/26,45.12,45.58,45.06,47.22,3745624.75,48.682
,2018/4/25,50,50.07,49.72,50.94,433751.31,49.086
,2018/4/24,50.09,50.19,49.8,51.06,682442.06,48.142
,2018/4/23,48.09,49.72,48.09,49.76,763662.31,47.162
,2018/4/20,47.83,47.85,47.59,49.3,767214.81,46.456
,2018/4/19,45.62,47.6,45.36,47.66,663922.56,46.376
,2018/4/18,45.88,45.35,44.75,46.05,451721.84,46.416
,2018/4/17,46.14,45.29,45.2,46.47,518662.84,46.97
,2018/4/16,47.45,46.19,45.76,47.75,529298.94,47.448
,2018/4/13,48.18,47.45,47.12,48.55,337918.72,47.354
,2018/4/12,48.13,47.8,47.6,48.4,318138.31,47.224
,2018/4/11,48,48.12,47.98,48.86,535068.5,46.888
,2018/4/10,45.9,47.68,45.9,47.68,582346.75,46.458
,2018/4/9,46.65,45.72,45.42,46.98,505261.62,46.302
,2018/4/4,46.3,46.8,45.93,47.45,491215.53,46.578
,2018/4/3,45.5,46.12,45.13,46.48,372046.88,46.32
,2018/4/2,46.63,45.97,45.84,47.56,508996.09,46.584
,2018/3/30,46.99,46.9,46.7,47.7,506755.47,47.016
,2018/3/29,45.73,47.1,44.53,47.5,847055.38,47.412
,2018/3/28,47,45.51,45.01,47,934072.25,47.972
,2018/3/27,48.86,47.44,47.02,49.25,592630.56,49.21
,2018/3/26,48.1,48.13,47.28,48.5,557485.19,50.162
,2018/3/23,47.9,48.88,46.41,49.2,897017.44,51.122
,2018/3/22,51.7,49.9,49.8,51.95,842820.62,52.03
,2018/3/21,52.25,51.7,51.68,52.61,357397.84,52.81
,2018/3/20,52.6,52.2,51.7,52.66,434321.56,52.906
,2018/3/19,53.32,52.93,52.5,53.35,369997.81,53.066
,2018/3/16,53.78,53.42,53.23,53.85,749181.25,53.138
,2018/3/15,52,53.8,51.93,53.86,757443.69,53.062
,2018/3/14,52.59,52.18,52.01,52.91,413145.47,52.934
,2018/3/13,53.19,53,52.64,53.7,463684.12,52.842
,2018/3/12,53.35,53.29,52.3,53.95,653299.69,52.616
,2018/3/9,53.17,53.04,52.62,53.56,473887.44,52.284
,2018/3/8,51.52,53.16,51.21,53.3,548307.81,52.172
,2018/3/7,51.87,51.72,51.36,52.49,333013.12,51.856
,2018/3/6,51.93,51.87,50.51,51.96,458874.62,51.85
,2018/3/5,52.47,51.63,51.32,52.64,408807.31,51.878
,2018/3/2,51.05,52.48,50.78,52.69,563261.75,52.482
,2018/3/1,51.35,51.58,51.01,52.26,529376.75,52.798
,2018/2/28,51.09,51.69,50.45,52.51,618893.69,53.48
,2018/2/27,54.65,52.01,51.83,54.65,1157391.38,53.99
,2018/2/26,54.78,54.65,53.64,54.9,526466,54.068
,2018/2/23,55,54.06,53.87,55.24,566942.56,53.44
,2018/2/22,55.23,54.99,54.55,55.8,618226.06,52.518
,2018/2/14,52.51,54.24,52.51,54.38,479571.81,51.72
,2018/2/13,52.1,52.4,52.1,53.7,616850.31,50.928
,2018/2/12,49.69,51.51,49.58,51.86,763372.62,51.132
,2018/2/9,49.1,49.45,48.18,49.89,977818.25,51.64
,2018/2/8,50.3,51,49.15,51.86,873655.5,52.848
,2018/2/7,54.45,50.28,50.1,54.89,910326.31,53.764
,2018/2/6,52.19,53.42,51.7,53.86,980626,54.896
,2018/2/5,54.75,54.05,52.65,55.49,831558,55.082
,2018/2/2,55.01,55.49,54.2,55.88,485996.28,55.428
,2018/2/1,56.28,55.58,54.05,56.36,703188,55.81
,2018/1/31,54,55.94,53.88,56.56,667284.56,55.774
,2018/1/30,55.34,54.35,54.25,55.5,643059.12,55.74
,2018/1/29,57,55.78,55,58.07,832294.94,56.228
,2018/1/26,55.01,57.4,54.77,58.7,867829.19,56.392
,2018/1/25,55.45,55.4,54.3,56.37,590652.06,55.202
,2018/1/24,56.7,55.77,55.18,56.72,627582.88,54.574
,2018/1/23,56.5,56.79,55.45,56.9,811738.19,53.828
,2018/1/22,51.5,56.6,51.5,56.6,1130541.75,53.344
,2018/1/19,52.09,51.45,51.13,52.76,608047.25,52.944
,2018/1/18,51.7,52.26,51.6,53.09,606531.25,53.314
,2018/1/17,53.98,52.04,51.65,54.96,968724.06,53.022
,2018/1/16,54.1,54.37,53.41,55.48,816648.62,52.824
,2018/1/15,53.19,54.6,52.99,55.15,969440.94,51.83
,2018/1/12,50.8,53.3,50.24,53.48,854821.06,50.476
,2018/1/11,50.81,50.8,50.22,52.11,684113.69,49.392
,2018/1/10,49.3,51.05,48.97,51.96,1086824.12,48.548
,2018/1/9,47.72,49.4,47.59,49.48,768856.88,47.468
,2018/1/8,48.17,47.83,47.3,48.95,788630.5,46.618
,2018/1/5,46.8,47.88,46.31,47.95,781865.75,45.792
,2018/1/4,46,46.58,45.73,46.58,640485.25,44.964
,2018/1/3,45.3,45.65,45.2,46.46,794304.88,44.284
,2018/1/2,44.2,45.15,44.18,45.2,587146.38,44.086
,2017/12/29,43.9,43.7,43.44,44.4,368479.62,44.138
,2017/12/28,43.35,43.74,43.13,44.28,431243.88,44.412
,2017/12/27,44.73,43.18,43.11,44.78,531136.31,44.676
,2017/12/26,45.6,44.66,44.29,45.62,382289,44.936
,2017/12/25,45.1,45.41,45.1,46,500770.59,44.92
,2017/12/22,45,45.07,44.6,45.39,322060.75,44.628
,2017/12/21,44.61,45.06,44.32,45.21,453032.38,44.236
,2017/12/20,44.53,44.48,44.19,45.32,557610.62,43.968
,2017/12/19,43.75,44.58,43.7,44.93,590166.94,43.862
,2017/12/18,43.05,43.95,42.88,44.06,536958.56,43.55
,2017/12/15,43.71,43.11,43.06,43.71,339293.31,43.448
,2017/12/14,44,43.72,43.3,44.17,416197.53,43.164
,2017/12/13,43.18,43.95,43.01,44.1,585370.94,42.58
,2017/12/12,43.6,43.02,43,44.17,551324.62,42.18
,2017/12/11,42.3,43.44,42.12,43.59,818974.88,42.076
,2017/12/8,40.89,41.69,40.89,42.14,576381.25,41.82
,2017/12/7,41.78,40.8,40.7,42.05,605528.19,41.808
,2017/12/6,42.4,41.95,41.05,42.71,647661.5,42.138
,2017/12/5,41.81,42.5,41.77,42.95,730805.06,42.238
,2017/12/4,41.5,42.16,41.33,42.51,700670.75,42.538
,2017/12/1,42.52,41.63,41.5,42.7,699908.06,42.914
,2017/11/30,42.5,42.45,42.07,42.94,485983.03,43.69
,2017/11/29,44.15,42.45,42.21,44.28,746558.5,44.202
,2017/11/28,43.7,44,43.51,44.39,432874.31,45.184
,2017/11/27,44.95,44.04,43.64,44.95,727477.94,45.944
,2017/11/24,44.6,45.51,43.5,45.54,1096093.5,46.3
,2017/11/23,47.01,45.01,44.6,47.15,958310.31,46.388
,2017/11/22,47.86,47.36,46.95,48.19,877585.12,46.558
,2017/11/21,45.81,47.8,45.7,47.8,1216429.75,46.178
,2017/11/20,45.5,45.82,44.7,45.94,617386.44,45.59
,2017/11/17,45.69,45.95,44.98,46.3,876951.38,45.554
,2017/11/16,45.1,45.86,44.5,45.86,658313.56,45.498
,2017/11/15,44.68,45.46,44.42,45.66,633152.62,45.074
,2017/11/14,45.47,44.86,44.38,45.5,668721.38,44.688
,2017/11/13,45.95,45.64,45.36,46.46,747428.56,44.554
,2017/11/10,43.72,45.67,43.66,45.74,1043659.5,44.132
,2017/11/9,43.55,43.74,42.59,43.81,641268.94,43.364
,2017/11/8,44.17,43.53,43.32,45,815936.62,43.068
,2017/11/7,43.6,44.19,43.4,45,861129.25,42.722
,2017/11/6,41.86,43.53,41.79,43.72,920701.5,42.394
,2017/11/3,42.27,41.83,41.6,42.58,543527.88,42.438
,2017/11/2,41.82,42.26,41.35,42.27,544940.62,42.826
,2017/11/1,42.6,41.8,41.59,43.08,951610.56,42.95
,2017/10/31,43.8,42.55,42.24,43.8,836809.5,42.952
,2017/10/30,43.9,43.75,42.7,44.3,645709.25,42.696
,2017/10/27,42.7,43.77,42.61,43.8,692542.31,42.072
,2017/10/26,42.01,42.88,41.7,43.6,963327.81,41.418
,2017/10/25,41.2,41.81,41.1,41.95,728210.81,41.054
,2017/10/24,40.33,41.27,40.27,41.45,669611.75,40.93
,2017/10/23,40.5,40.63,40.09,40.9,397022.38,40.812
,2017/10/20,40.92,40.5,40.04,40.92,493677.47,40.586
,2017/10/19,40.99,41.06,40.57,41.55,667512.25,40.54
,2017/10/18,40.7,41.19,40.4,41.2,776494,40.412
,2017/10/17,39.76,40.68,39.39,40.68,832012.62,40.164
,2017/10/16,40.27,39.5,39.5,40.6,564722.94,39.786
,2017/10/13,40.45,40.27,39.85,40.64,531334.06,39.706
,2017/10/12,39.98,40.42,39.83,40.59,969359.19,39.232
,2017/10/11,38.69,39.95,38.52,40.21,1404219.25,38.728
,2017/10/10,39.28,38.79,38.15,39.54,858895.69,38.448
,2017/10/9,38.5,39.1,38.02,39.58,1166830.12,38.37
,2017/9/29,37.94,37.9,37.8,38.25,347619.91,38.336
,2017/9/28,38.55,37.9,37.87,38.62,479436.25,38.606
,2017/9/27,38.48,38.55,38.13,38.79,347620.75,38.624
,2017/9/26,38.91,38.4,38.2,39.13,462085.81,38.48
,2017/9/25,39.2,38.93,38.68,39.52,610590.31,38.258
,2017/9/22,37.9,39.25,37.86,39.63,1124248.12,38.06
,2017/9/21,37.96,37.99,37.78,38.15,435297.91,37.71
,2017/9/20,37.4,37.83,37.3,37.98,470740.12,37.578
,2017/9/19,38,37.29,37.24,38.38,631201.12,37.352
,2017/9/15,37.49,37.94,37.23,38.09,648502.06,37.316
,2017/9/14,37.33,37.5,37.03,37.65,481198,37.146
,2017/9/13,36.7,37.33,36.56,37.48,718019.5,37.206
,2017/9/12,37.1,36.7,36.42,37.1,756724.19,37.378
,2017/9/11,37.02,37.11,36.78,37.52,513667.81,37.664
,2017/9/8,37.7,37.09,37.01,37.8,854393.75,37.858
,2017/9/7,38.05,37.8,37.65,38.12,576465.06,38.062
,2017/9/6,38.13,38.19,37.93,38.25,376484.69,38.232
,2017/9/5,38.08,38.13,37.9,38.33,497346.09,38.51
,2017/9/4,38.08,38.08,37.8,38.32,669978.06,38.76
,2017/9/1,38.67,38.11,37.92,38.67,1082110,39.108
,2017/8/31,40.12,38.65,38.12,40.35,1214647.5,39.416
,2017/8/30,39.49,39.58,39.12,39.61,354848.69,39.572
,2017/8/29,39.91,39.38,39,39.94,492170.41,39.496
,2017/8/28,40.04,39.82,39.5,40.5,592687.44,39.432
,2017/8/25,39.62,39.65,39.5,40.15,551228,39.248
,2017/8/24,39.21,39.43,39.1,39.5,395252.88,38.972
,2017/8/23,39.1,39.2,38.92,39.26,304271.19,38.702
,2017/8/22,39.11,39.06,38.91,39.62,456970.16,38.446
,2017/8/21,38.32,38.9,38.12,39,428797.19,38.35
,2017/8/18,37.89,38.27,37.74,38.43,301067.75,38.336
,2017/8/17,38.01,38.08,37.6,38.33,420343.38,38.314
,2017/8/16,38.48,37.92,37.66,38.55,528731.5,38.462
,2017/8/15,38.86,38.58,38.38,38.99,369549.44,38.714
,2017/8/14,38.2,38.83,38.2,39.25,427689.97,38.696
,2017/8/11,38.35,38.16,38,39.01,380577.59,38.616
,2017/8/10,39.18,38.82,38.5,39.6,415328.75,38.542
,2017/8/9,38.49,39.18,38.2,39.5,572549.56,38.444
,2017/8/8,38.35,38.49,38.15,38.86,368308.41,38.412
,2017/8/7,37.79,38.43,36.83,38.6,689584.75,38.566
,2017/8/4,38.33,37.79,37.65,38.68,639476.25,38.728
,2017/8/3,39,38.33,37.95,39,796377.38,39.084
,2017/8/2,39.26,39.02,38.88,39.56,495573.44,39.198
,2017/8/1,39.18,39.26,38.98,39.93,567478.38,39.394
,2017/7/31,39.63,39.24,38.97,39.63,527418.75,39.746
,2017/7/28,39.33,39.57,39,39.79,567512.62,40.158
,2017/7/27,39.9,38.9,38.55,39.9,919579.62,40.386
,2017/7/26,41.04,40,39.7,41.2,694889.25,40.814
,2017/7/25,41.29,41.02,40.93,41.55,466003.62,40.812
,2017/7/24,40.7,41.3,40.36,41.79,754138.88,40.654
,2017/7/21,41,40.71,40.53,41.21,523515.81,40.606
,2017/7/20,39.99,41.04,39.75,41.3,913578.81,40.68
,2017/7/19,40,39.99,39.75,40.85,789621.69,40.674
,2017/7/18,40.6,40.23,39.71,41.02,728729.75,40.834
,2017/7/17,41.08,41.06,40.4,41.69,783226.19,41.094
,2017/7/14,40.82,41.08,40.4,41.33,441473.31,40.694
,2017/7/13,40.77,41.01,40.46,41.38,507538.31,40.16
,2017/7/12,41.53,40.79,40.43,41.75,860734.5,39.798
,2017/7/11,39.3,41.53,39.18,41.65,1428060.62,39.492
,2017/7/10,38.5,39.06,38.46,39.37,659076.19,39.16
,2017/7/7,38.9,38.41,38.21,39.09,669681.38,39.446
,2017/7/6,39.4,39.2,38.66,39.6,713318.62,39.998
,2017/7/5,38.11,39.26,37.2,39.3,959118.94,40.258
,2017/7/4,40.5,39.87,38.88,40.55,1048293.12,40.478
,2017/7/3,41.3,40.49,40.09,41.55,739926.81,40.79
,2017/6/30,40.46,41.17,40.16,41.56,828784.31,40.82
,2017/6/29,40.66,40.5,39.95,40.8,706817.75,40.588
,2017/6/28,41.29,40.36,40.11,41.56,898195.94,40.212
,2017/6/27,40.77,41.43,40.3,41.5,756718.88,39.848
,2017/6/26,40.01,40.64,39.81,41.56,1226117.62,39.024
,2017/6/23,38.55,40.01,38.2,40.08,1096281,38.358
,2017/6/22,38.54,38.62,38.39,39.67,1281862.88,37.554
,2017/6/21,37.6,38.54,37.13,38.61,919810.31,37.138
,2017/6/20,37.7,37.31,36.93,37.85,857317.62,36.716
,2017/6/19,36.11,37.31,36.06,37.34,761607.12,36.724
,2017/6/16,36.44,35.99,35.92,36.85,656170.94,36.776
,2017/6/15,36.49,36.54,36,36.94,702470.5,36.786
,2017/6/14,37.37,36.43,36.16,37.8,877246.19,36.728
,2017/6/13,37.15,37.35,36.96,37.48,668783.12,36.362
,2017/6/12,36,37.57,35.9,37.57,991376,35.744
,2017/6/9,36.25,36.04,35.86,37.1,1144057.38,34.884
,2017/6/8,34.7,36.25,34.68,36.34,1136671,34.376
,2017/6/7,34.35,34.6,34.16,35,962071.12,33.92
,2017/6/6,33.27,34.26,33.27,34.3,792733.12,33.816
,2017/6/5,33.37,33.27,33.2,33.7,390841.44,33.778
,2017/6/2,34.03,33.5,33.3,34.08,591040.5,33.842
,2017/6/1,33.92,33.97,33.85,34.28,503855.38,33.892
,2017/5/31,34.14,34.08,33.45,34.2,707873.5,33.896
,2017/5/26,33.68,34.07,33.65,34.3,560988.19,33.844
,2017/5/25,33.5,33.59,33.41,33.99,465467.12,33.65
,2017/5/24,33.74,33.75,33.2,34,684405.75,33.46
,2017/5/23,33.8,33.99,33.62,34.18,850164,33.294
,2017/5/22,33.15,33.82,32.81,33.88,772157.94,33.212
,2017/5/19,32.73,33.1,32.72,33.37,555867.25,33.054
,2017/5/18,32.7,32.64,32.51,32.97,420488.09,33.048
,2017/5/17,33.42,32.92,32.88,33.95,806615.19,33.096
,2017/5/16,32.8,33.58,32.51,33.58,766197.69,32.808
,2017/5/15,33.07,33.03,32.78,33.3,524782.06,32.324
,2017/5/12,32.97,33.07,32.57,33.14,668098.25,32.054
,2017/5/11,31.3,32.88,31.17,32.9,989165.94,31.994
,2017/5/10,31.45,31.48,31.3,31.97,704273.69,31.95
,2017/5/9,31.55,31.16,30.56,31.55,963494.25,32.184
,2017/5/8,32.6,31.68,31.66,33,923337.69,32.546
,2017/5/5,32.49,32.77,32.36,33.06,781966.56,32.81
,2017/5/4,32.66,32.66,32.43,32.92,473852.59,32.972
,2017/5/3,32.98,32.65,32.51,33.28,700248.5,33.126
,2017/5/2,32.7,32.97,32.26,33.09,791127.12,33.364
,2017/4/28,33.66,33,32.51,33.7,1027204.75,33.272
,2017/4/27,33.66,33.58,32.75,33.8,1059194.38,33.254
,2017/4/26,34,33.43,33.28,34.99,1403738.12,33.142
,2017/4/25,32.61,33.84,32.57,33.88,919470.56,33.098
,2017/4/24,32.8,32.51,32.01,33.3,643257.56,32.776
,2017/4/21,32.85,32.91,32.57,33.36,749581.06,32.624
,2017/4/20,33.23,33.02,33,34.18,1082989.38,32.178
,2017/4/19,32.2,33.21,32.03,33.21,1228986.75,31.824
,2017/4/18,31.8,32.23,31.65,32.53,1029569.81,31.344
,2017/4/17,30.8,31.75,30.76,31.75,815712.38,31.064
,2017/4/14,31.24,30.68,30.67,31.25,405185.62,31.018
,2017/4/13,30.79,31.25,30.64,31.36,520230.72,31.244
,2017/4/12,30.5,30.81,30.2,31.09,585433.5,31.394
,2017/4/11,31.41,30.83,29.72,31.59,1249299.5,31.524
,2017/4/10,31.81,31.52,31.41,31.94,542802.81,31.698
,2017/4/7,31.93,31.81,31.75,32.6,805843.69,31.538
,2017/4/6,31.39,32,31.18,32,739795.06,31.416
,2017/4/5,31.75,31.46,31.26,31.94,986518.81,31.176
,2017/3/31,30.64,31.7,30.54,31.7,825606.81,31.026
,2017/3/30,31.08,30.72,30.1,31.36,764243.5,30.994
,2017/3/29,30.79,31.2,30.48,31.39,657345.62,31.09
,2017/3/28,30.75,30.8,30.25,31.16,754173.44,30.95
,2017/3/27,31.51,30.71,30.68,32.21,1043188.19,30.858
,2017/3/24,31.36,31.54,31.29,32.68,1282813.5,30.568
,2017/3/23,30.38,31.2,30.18,31.26,865868.19,30.022
,2017/3/22,30.13,30.5,30.01,30.69,865700.62,29.628
,2017/3/21,29.4,30.34,29.23,30.35,1135841.25,29.388
,2017/3/20,29.08,29.26,28.89,29.45,661259.94,29.062
,2017/3/17,29.22,28.81,28.8,29.48,565883.81,28.984
,2017/3/16,29.39,29.23,29.06,29.8,649655.94,29.014
,2017/3/15,28.74,29.3,28.6,29.55,782324.81,28.848
,2017/3/14,28.88,28.71,28.48,28.96,611493.5,28.606
,2017/3/13,29,28.87,28.6,29.46,958116.19,28.51
,2017/3/10,28.51,28.96,28.3,29.04,947505.94,28.366
,2017/3/9,28.23,28.4,28.23,28.88,732047.5,28.034
,2017/3/8,28.27,28.09,27.85,28.48,495694.16,27.816
,2017/3/7,28.2,28.23,28.05,28.36,514196.56,27.69
,2017/3/6,27.31,28.15,27.31,28.25,874327.62,27.532
,2017/3/3,27.28,27.3,27.05,27.42,395696.72,27.328
,2017/3/2,27.5,27.31,27.23,27.63,365122.41,27.438
,2017/3/1,27.5,27.46,27.31,27.75,411257.91,27.558
,2017/2/28,27.09,27.44,27.09,27.57,434798.53,27.73
,2017/2/27,27.8,27.13,27.1,27.8,715625.75,27.89
,2017/2/24,27.97,27.85,27.23,28.14,690856,28.174
,2017/2/23,28.31,27.91,27.8,28.59,708644.94,28.086
,2017/2/22,28.1,28.32,27.9,28.5,651620.75,28.022
,2017/2/21,28.48,28.24,28.06,28.63,894104.62,27.756
,2017/2/20,27.46,28.55,27.45,28.66,1326712,27.488
,2017/2/17,27.7,27.41,27.18,27.9,773631.81,27.198
,2017/2/16,26.91,27.59,26.82,27.59,745332.62,26.91
,2017/2/15,26.9,26.99,26.75,27.35,795565.12,26.516
,2017/2/14,27.3,26.9,26.77,27.74,988288,26.188
,2017/2/13,25.97,27.1,25.94,27.13,1208039,25.834
,2017/2/10,25.7,25.97,25.61,26.18,766443.25,25.466
,2017/2/9,25.4,25.62,25.4,25.8,585116.31,25.35
,2017/2/8,25.17,25.35,25.09,25.45,412138.56,24.926
,2017/2/7,25.23,25.13,24.99,25.23,451103.31,25.012
,2017/2/6,25.38,25.26,25.15,25.54,423273.03,25.086
,2017/2/3,25.7,25.39,25.3,25.77,325403.75,25.098
,2017/2/2,25.77,23.5,23.5,26.26,367,25.076
,2017/1/26,25.5,25.78,25.5,25.94,519727.69,25.45
,2017/1/25,25.25,25.5,25.13,25.5,321067.72,25.27
,2017/1/24,25.27,25.32,25.1,25.43,399391.44,25.162
,2017/1/23,25.51,25.28,25.21,25.84,589593.25,24.932
,2017/1/20,24.89,25.37,24.89,25.55,684143.38,24.634
,2017/1/19,25,24.88,24.77,25.15,379530.88,24.392
,2017/1/18,24.26,24.96,24.26,25.15,918678.88,24.278
,2017/1/17,23.79,24.17,23.69,24.19,386341.12,24.222
,2017/1/16,24.16,23.79,23.31,24.16,612204,24.374
,2017/1/13,24.37,24.16,24.14,24.45,414360.81,24.564
,2017/1/12,24.62,24.31,24.27,24.73,384129.44,24.732
,2017/1/11,24.86,24.68,24.58,25.08,346364.62,24.922
,2017/1/10,24.74,24.93,24.51,24.97,463826.88,25.014
,2017/1/9,25,24.74,24.5,25,562307.19,25.04
,2017/1/6,25.2,25,24.85,25.21,541129.94,25.016
,2017/1/5,25.19,25.26,25.09,25.38,630843.19,24.982
,2017/1/4,25.09,25.14,24.88,25.23,716624.62,24.918
,2017/1/3,24.7,25.06,24.7,25.24,583929.44,24.884
